LC675-blk,15mm Smart Lead,Leads & Collars,15mm smart lead black
LC675-dkb,15mm Smart Lead,Leads & Collars,15mm smart lead dark blue
LC675-ltb,15mm Smart Lead,Leads & Collars,15mm smart lead light blue
LC675-pur,15mm Smart Lead,Leads & Collars,15mm smart lead purple
LC675-red,15mm Smart Lead,Leads & Collars,15mm smart lead red
LC679-blk,25mm Smart Lead,Leads & Collars,25mm smart lead black
LC679-dkb,25mm Smart Lead,Leads & Collars,25mm smart lead dark blue
LC679-ltb,25mm Smart Lead,Leads & Collars,25mm smart lead light blue
LC679-pur,25mm Smart Lead,Leads & Collars,25mm smart lead purple
LC679-red,25mm Smart Lead,Leads & Collars,25mm smart lead red
B199,Aluminium Dog Bowl,Bowls,"6"" aluminium dog bowl"
B200,Aluminium Dog Bowl,Bowls,"7"" aluminium dog bowl"
B201,Aluminium Dog Bowl,Bowls,"8"" aluminium dog bowl"
B202,Aluminium Dog Bowl,Bowls,"9"" aluminium dog bowl"
B203,Aluminium Dog Bowl,Bowls,"10"" aluminium dog bowl"
B204,Aluminium Dog Bowl,Bowls,"11"" aluminium dog bowl"
B244-blu,Ant Free Bowls,Bowls,Ant free double diner blue
B244-gld,Ant Free Bowls,Bowls,Ant free double diner gold
B244-grn,Ant Free Bowls,Bowls,Ant free double diner green
B244-red,Ant Free Bowls,Bowls,Ant free double diner red
B245-blu,Ant Free Bowls,Bowls,Ant free small bowl blue
B245-gld,Ant Free Bowls,Bowls,Ant free small bowl gold
LC675-blk,15mm Smart Lead,Leads & Collars,15mm smart lead black
LC675-dkb,15mm Smart Lead,Leads & Collars,15mm smart lead dark blue
LC675-ltb,15mm Smart Lead,Leads & Collars,15mm smart lead light blue
LC675-pur,15mm Smart Lead,Leads & Collars,15mm smart lead purple
LC675-red,15mm Smart Lead,Leads & Collars,15mm smart lead red
LC679-blk,25mm Smart Lead,Leads & Collars,25mm smart lead black
LC679-dkb,25mm Smart Lead,Leads & Collars,25mm smart lead dark blue
LC679-ltb,25mm Smart Lead,Leads & Collars,25mm smart lead light blue
LC679-pur,25mm Smart Lead,Leads & Collars,25mm smart lead purple
LC679-red,25mm Smart Lead,Leads & Collars,25mm smart lead red
B199,Aluminium Dog Bowl,Bowls,"6"" aluminium dog bowl"
B200,Aluminium Dog Bowl,Bowls,"7"" aluminium dog bowl"
B201,Aluminium Dog Bowl,Bowls,"8"" aluminium dog bowl"
B202,Aluminium Dog Bowl,Bowls,"9"" aluminium dog bowl"
B203,Aluminium Dog Bowl,Bowls,"10"" aluminium dog bowl"
B204,Aluminium Dog Bowl,Bowls,"11"" aluminium dog bowl"
B244-blu,Ant Free Bowls,Bowls,Ant free double diner blue
B244-gld,Ant Free Bowls,Bowls,Ant free double diner gold
B244-grn,Ant Free Bowls,Bowls,Ant free double diner green
B244-red,Ant Free Bowls,Bowls,Ant free double diner red
B245-blu,Ant Free Bowls,Bowls,Ant free small bowl blue
B245-gld,Ant Free Bowls,Bowls,Ant free small bowl gold
B245-grn,Ant Free Bowls,Bowls,Ant free small bowl green
B245-red,Ant Free Bowls,Bowls,Ant free small bowl red
GR61,Bella Pooch Perfume,Grooming Products,Bella #5 pooch perfume
BK01,Books,Books,Holidaying with dogs book
BK02,Books,Books,Walkies in Victoria book
BK03,Books,Books,Holidaying with cats book
C010,Bottles & Vials,Bottles and Vials,4 Dram vial with s/cap 200pc
C011,Bottles & Vials,Bottles and Vials,6 Dram vial with s/cap 200pc
C012,Bottles & Vials,Bottles and Vials,8 Dram vial with s/cap 200pc
C013,Bottles & Vials,Bottles and Vials,12 Dram vial with s/cap 100pc
C014,Bottles & Vials,Bottles and Vials,16 Dram vial with s/cap 100pc
C015,Bottles & Vials,Bottles and Vials,20 Dram vial with s/cap 100pc
C016,Bottles & Vials,Bottles and Vials,40 Dram vial with s/cap 50pc
LC150,bowl/bone embr,Leads & Collars,15x120cm bowl/bone embr lead
LC151,bowl/bone embr,Leads & Collars,20x120cm bowl/bone embr lead
LC152,bowl/bone embr,Leads & Collars,25x120cm bowl/bone embr lead
LC450-pnk,Brushed Collar,Leads & Collars,14x40cm brushed collar pink
RNDBGNT-xxx,Budget Baskets,Bedding,Budget basket giant
BELBLGE-xxx,Budget Bell Igloos,Bedding,Budget bell igloo large
B271,Cage Bowls,Bowls,Water bowl suit sml carry cage
B272,Cage Bowls,Bowls,Cage bowls
B275,Cage Bowls,Bowls,Water bowl suit lge carry cage
LC532,Car Harness,Leads & Collars,Car harness small
LC534,Car Harness,Leads & Collars,Car harness medium
LC536,Car Harness,Leads & Collars,Car harness large
LC538,Car Harness,Leads & Collars,Car harness extra large
CVR02,Car Seat Protectors,Car Seat Protectors,Car back seat cover 140x100cm
CVR03,Car Seat Protectors,Car Seat Protectors,Car back seat h/mock 140x150cm
CC01,Carry Cages,Carry Cages,Small carry cage
CC02,Carry Cages,Carry Cages,Large carry cage
CC05,Carry Cages,Carry Cages,Small wire carry cage
LC763,Cat Balls with Bells,Leads & Collars,Cat balls with bells 36pcs
LC765,Cat Bell & D Ring,Leads & Collars,Cat bell & D ring nickel
LC892-blk,Cat Harnesses,Leads & Collars,Cat harness with lead black
LC892-blu,Cat Harnesses,Leads & Collars,Cat harness with lead blue
LC892-pur,Cat Harnesses,Leads & Collars,Cat harness with lead purple
LC892-red,Cat Harnesses,Leads & Collars,Cat harness with lead red
B232-blu,Cat Litter Tray - Heavy Duty,Cat Litter Trays,H/duty litter tray lge blue
B232-grn,Cat Litter Tray - Heavy Duty,Cat Litter Trays,H/duty litter tray lge green
B232-red,Cat Litter Tray - Heavy Duty,Cat Litter Trays,H/duty litter tray lge yellow
B232-yel,Cat Litter Tray - Heavy Duty,Cat Litter Trays,H/duty litter tray lge yellow
B240-blu,Cat Litter Tray - Heavy Duty,Cat Litter Trays,H/duty litter tray lge blue
B240-grn,Cat Litter Tray - Heavy Duty,Cat Litter Trays,H/duty litter tray lge green
B240-red,Cat Litter Tray - Heavy Duty,Cat Litter Trays,H/duty litter tray lge red
B240-yel,Cat Litter Tray - Heavy Duty,Cat Litter Trays,H/duty litter tray lge yellow
GR51,Cat Repair,Grooming Products,Cat repair 9 tubs
B221-blu,Cat Shaped Plastic Bowls,Bowls,Cat shaped plastic bowl blue
B221-red,Cat Shaped Plastic Bowls,Bowls,Cat shaped plastic bowl red
B221-yel,Cat Shaped Plastic Bowls,Bowls,Cat shaped plastic bowl yellow
CL212,Chain Leads,Leads & Collars,Chain lead 2x120cm
CL312,Chain Leads,Leads & Collars,Chain lead 3x120cm
CL412,Chain Leads,Leads & Collars,Chain lead 2x120cm
LC958,Choker Chains,Leads & Collars,Choker chain 2.0mmx30cm
LC959,Choker Chains,Leads & Collars,Choker chain 2.0mmx35cm
LC960,Choker Chains,Leads & Collars,Choker chain 2.0mmx40cm
LC961,Choker Chains,Leads & Collars,Choker chain 3.0mmx45cm
LC962,Choker Chains,Leads & Collars,Choker chain 3.0mmx50cm
LC963,Choker Chains,Leads & Collars,Choker chain 3.0mmx55cm
LC964,Choker Chains,Leads & Collars,Choker chain 3.0mmx60cm
LC965,Choker Chains,Leads & Collars,Choker chain 4.0mmx60cm
LC966,Choker Chains,Leads & Collars,Choker chain 4.0mmx65cm
LC967,Choker Chains,Leads & Collars,Choker chain 4.0mmx70cm
LC968,Choker Chains,Leads & Collars,Choker chain 4.8mmx75cm
LC969,Choker Chains,Leads & Collars,Choker chain 4.8mmx80cm
DC019,Clod/femur bones,Treats and Munchies,Clod/femur bones small 40pc
LC694-blk,Ctn wb Collars,Leads & Collars,Ctn wb clr 25x50-70 black
LC694-blu,Ctn wb Collars,Leads & Collars,Ctn wb clr 25x50-70 blue
LC694-pur,Ctn wb Collars,Leads & Collars,Ctn wb clr 25x50-70 purple
LC694-red,Ctn wb Collars,Leads & Collars,Ctn wb clr 25x50-70 red
LC700-blk,Ctn wb lead,Leads & Collars,Ctn wb lead 25x180 black
LC700-blu,Ctn wb lead,Leads & Collars,Ctn wb lead 25x180 blue
LC700-pur,Ctn wb lead,Leads & Collars,Ctn wb lead 25x180 purple
LC700-red,Ctn wb lead,Leads & Collars,Ctn wb lead 25x180 red
LC70-4blk,Ctn wb lead,Leads & Collars,Ctn wb lead 25x120 black
LC704-blu,Ctn wb lead,Leads & Collars,Ctn wb lead 25x120 blue
LC704-pur,Ctn wb lead,Leads & Collars,Ctn wb lead 25x120 purple
LC704-red,Ctn wb lead,Leads & Collars,Ctn wb lead 25x120 red
RNDDGNT-xxx,Deluxe Baskets,Bedding,Deluxe basket giant
RNDDLGE-xxx,Deluxe Baskets,Bedding,Deluxe basket large
RNDDMED-xxx,Deluxe Baskets,Bedding,Deluxe basket medium
RNDDSML-xxx,Deluxe Baskets,Bedding,Deluxe basket small
RNDDXLG-xxx,Deluxe Baskets,Bedding,Deluxe basket xlarge
BELDLGE-xxx,Deluxe Bell Igloo,Bedding,Deluxe bell igloo large
LC801-grn,Diamante Collars,Leads & Collars,Diamante 32cm collar green
LC801-org,Diamante Collars,Leads & Collars,Diamante 32cm collar orange
LC801-yel,Diamante Collars,Leads & Collars,Diamante 32cm collar yellow
LC101-blk,Diamante web cat collar,Leads & Collars,Diamante web cat collar black
LC101-blu,Diamante web cat collar,Leads & Collars,Diamante web cat collar blue
LC101-red,Diamante web cat collar,Leads & Collars,Diamante web cat collar red
GR21,Dog & Cat Shampoo,Grooming Products,Dog & cat shampoo 500ml
MUZ01,Dog Muzzle - Nylon,Leads & Collars,Nylon dog muzzle small
GR53,Dog Polish,Grooming Products,Dog polish 9 tubs
B209-blu,Double Plastic Bowls,Bowls,Double plastic diner blue
B209-grn,Double Plastic Bowls,Bowls,Double plastic diner green
B209-red,Double Plastic Bowls,Bowls,Double plastic diner red
B209-yel,Double Plastic Bowls,Bowls,Double plastic diner yellow
GR65,Dr Dog Pet Conditioner,Grooming Products,Dr Dog pet conditioner
GR64,Dr Dog Pet Shampoo,Grooming Products,Dr Dog pet shampoo
GR63,Dr Dog Polish and Brush Set,Grooming Products,Dr Dog polish & brush set
LC766,Elastic Cat Collars with Bell,Leads & Collars,Elastic cat collar with bell
LC767,Elastic Cat Collars with Bell,Leads & Collars,Elastic cat collar with 2 bell
LC799,Elastic Paw Cat Collars,Leads & Collars,Full elastic paw cat collar
BLAN01-blu,Fleece Blanket,Bedding,Fleece blanket 150x120cm blue
BLAN01-pur,Fleece Blanket,Bedding,Fleece blanket 150x120cm purpl
BLAN01-red,Fleece Blanket,Bedding,Fleece blanket 150x120cm red
BLAN01-yel,Fleece Blanket,Bedding,Fleece blanket 150x120cm yello
B237,Fold-Up Bowls,Bowls,Water/food fold up dog bowl
FUTDCLGE-xxx,Futon Covers,Bedding,Dlxe futon cvr lge
FUTDCMED-xxx,Futon Covers,Bedding,Dlxe futon cvr med
FUTDCXLG-xxx,Futon Covers,Bedding,Dlxe futon cvr xlg
FUTSCLGE-xxx,Futon Covers,Bedding,Std futon cvr lge
FUTSCMED-xxx,Futon Covers,Bedding,Std futon cvr med
FUTSCXLG-xxx,Futon Covers,Bedding,Std futon cvr xlg
FUTPLGE-xxx,Futons,Bedding,Premium futon lge
FUTPMED-xxx,Futons,Bedding,Premium futon med
FUTPXLG-xxx,Futons,Bedding,Premium futon xlg
LC102-blu,Graduate web cat collar,Leads & Collars,Graduate web cat collar blue
LC102-grn,Graduate web cat collar,Leads & Collars,Graduate web cat collar green
LC102-gry,Graduate web cat collar,Leads & Collars,Graduate web cat collar grey
LC102-pur,Graduate web cat collar,Leads & Collars,Graduate web cat collar purple
LC102-red,Graduate web cat collar,Leads & Collars,Graduate web cat collar red
B227,Heavey Duty Plastic Bowls,Bowls,Heavy duty small square bowl
B230,Heavey Duty Plastic Bowls,Bowls,Heavy duty small cat bowl
B231,Heavey Duty Plastic Bowls,Bowls,Heavy duty double diner
B233,Heavey Duty Plastic Bowls,Bowls,Heavy duty large square bowl
IGLBLGE-xxx,Igloos,Bedding,Budget igloo large
IGLBMED-xxx,Igloos,Bedding,Budget igloo medium
IGLDLGE-xxx,Igloos,Bedding,Deluxe igloo large
IGLSLGE-xxx,Igloos,Bedding,Standard igloo large
IGLS-MED-xxx,Igloos,Bedding,Standard igloo medium
LC103-brn,Jungle cat collar,Leads & Collars,Jungle cat collar brown
LC103-tan,Jungle cat collar,Leads & Collars,Jungle cat collar tan
LC103-wte,Jungle cat collar,Leads & Collars,Jungle cat collar white
FF01-blu,K-9 Fun Flyer,Pet Toys,K-9 Fun Flyer blue
FF01-grn,K-9 Fun Flyer,Pet Toys,K-9 Fun Flyer green
FF01-red,K-9 Fun Flyer,Pet Toys,K-9 Fun Flyer red
FF01-yel,K-9 Fun Flyer,Pet Toys,K-9 Fun Flyer yellow
060D,Kennel-Drum Style,Kennels,Dog kennel deluxe 60lt
060S,Kennel-Drum Style,Kennels,Dog kennel standard 60lt
200D,Kennel-Drum Style,Kennels,Dog kennel deluxe 200lt
200S,Kennel-Drum Style,Kennels,Dog kennel standard 200lt
300D,Kennel-Square Style,Kennels,Dog kennel deluxe 300lt
600D,Kennel-Square Style,Kennels,Dog kennel deluxe 600lt
900D,Kennel-Square Style,Kennels,Dog kennel deluxe 900lt
LC890-blk,Kitten Harnesses,Leads & Collars,Kitten harness w/lead black
LC890-blu,Kitten Harnesses,Leads & Collars,Kitten harness w/lead blue
LC890-pur,Kitten Harnesses,Leads & Collars,Kitten harness w/lead purple
LC890-red,Kitten Harnesses,Leads & Collars,Kitten harness w/lead red
DC007,Knot Bones,Treats and Munchies,"4"" knot bone 20pc"
DC008,Knot Bones,Treats and Munchies,"6"" knot bone 20pc"
DC009,Knot Bones,Treats and Munchies,"8"" knot bone 10pc"
DC011,Knot Bones,Treats and Munchies,"14"" knot bone 10pc"
DC047,Knot Bones,Treats and Munchies,"16"" knot bone 6pc"
LC756,Leather Cat Collars,Leads & Collars,Leather cat collar
LC920,Leather Collar Rosco,Leads & Collars,16mmx40cm leather collar rosco
LC921,Leather Collar Rosco,Leads & Collars,28mmx50cm leather collor rosco
LC922,Leather Collar Rosco,Leads & Collars,32mmx60cm leather collar rosco
LC923,Leather Collar Rosco,Leads & Collars,16mmx105cm leather lead rosco
LC924,Leather Collar Rosco,Leads & Collars,16mmx105cm lth swivel ld rosco
B242-blu,Litter Accessories,Cat Litter Trays,Cat litter scoop blue
B243,Litter Accessories,Cat Litter Trays,H/D pooper scooper pan & scoop
CT008,Litter Accessories,Cat Litter Trays,Litter tray liner bags
MATDDLGE-xxx,Mats - Deluxe Dacron,Bedding,Deluxe dacron mat large
MATDDMED-xxx,Mats - Deluxe Dacron,Bedding,Deluxe dacron mat med
MATDDSML-xxx,Mats - Deluxe Dacron,Bedding,Deluxe dacron mat small
MATSFJUM-xxx,Mats - Foam,Bedding,Standard foam mat jumbo
MATSFLGE-xxx,Mats - Foam,Bedding,Standard foam mat large
MATSFMIN-xxx,Mats - Foam,Bedding,Standard foam mat mini
MATSD060-xxx,Mats - Kennel (Dacron),Bedding,Dacron mat suit 60lt kennel
MATSD200-xxx,Mats - Kennel (Dacron),Bedding,Dacron mat suit 200lt kennel
MATSD300-xxx,Mats - Kennel (Dacron),Bedding,Dacron mat suit 300lt kennel
MATSD600-xxx,Mats - Kennel (Dacron),Bedding,Dacron mat suit 600lt kennel
MATSD900-xxx,Mats - Kennel (Dacron),Bedding,Dacron mat suit 900lt kennel
MATWDLGE-xxx,Mats - Sherpa/Dacron,Bedding,Sherpa dacron mat
MATWDMED-xxx,Mats - Sherpa/Dacron,Bedding,Sherpa dacron mat
MATWDSML-xxx,Mats - Sherpa/Dacron,Bedding,Sherpa dacron mat
MATSDLGE-xxx,Mats - Stabdard Dacron,Bedding,Standard dacron mat large
MATSDMED-xxx,Mats - Stabdard Dacron,Bedding,Standard dacron mat medium
MATSDSML-xxx,Mats - Stabdard Dacron,Bedding,Standard dacron mat small
B273-blu,Melamine Bowls,Bowls,Melamine bowl w/r rim blue
B273-mti,Melamine Bowls,Bowls,Melamine bowl w/r rim multi
B273-red,Melamine Bowls,Bowls,Melamine bowl w/r rim red
LC621,Metalic Cat Collar,Leads & Collars,Metallic cat collar
LC893-blu,Pastel Cat Collar,Leads & Collars,Pastel cat collar blue
LC893-grn,Pastel Cat Collar,Leads & Collars,Pastel cat collar green
LC893-pur,Pastel Cat Collar,Leads & Collars,Pastel cat collar purple
LC888-red,Patent Leather Cat Collars,Leads & Collars,Patent leather cat collar red
LC627-red,Patent Puppy Collar,Leads & Collars,Patent puppy collar red
DC021,Pig Snouts,Treats and Munchies,Smoked pigs snouts 50pc
LC540-blk,Plain Leather Collars,Leads & Collars,Plain lth clr 12x35 black
LC540-red,Plain Leather Collars,Leads & Collars,Plain lth clr 12x35 red
LC540-tan,Plain Leather Collars,Leads & Collars,Plain lth clr 12x35 tan
LC542-blk,Plain Leather Collars,Leads & Collars,Plain lth clr 18x45 black
LC542-red,Plain Leather Collars,Leads & Collars,Plain lth clr 18x45 red
LC542-tan,Plain Leather Collars,Leads & Collars,Plain lth clr 18x45 tan
LC544-blk,Plain Leather Collars,Leads & Collars,Plain lth clr 25x55 black
LC544-red,Plain Leather Collars,Leads & Collars,Plain lth clr 25x55 red
LC544-tan,Plain Leather Collars,Leads & Collars,Plain lth clr 25x55 tan
LC546-blk,Plain Leather Collars,Leads & Collars,Plain lth clr 30x65 black
LC546-red,Plain Leather Collars,Leads & Collars,Plain lth clr 30x65 red
LC546-tan,Plain Leather Collars,Leads & Collars,Plain lth clr 30x65 tan
B210-blu,Plastic Bowls,Bowls,Small plastic dog bowl blue
B210-grn,Plastic Bowls,Bowls,Small plastic dog bowl green
B210-red,Plastic Bowls,Bowls,Small plastic dog bowl red
B210-yel,Plastic Bowls,Bowls,Small plastic dog bowl yellow
B213-blu,Plastic Bowls,Bowls,Large plastic dog bowl blue
B213-grn,Plastic Bowls,Bowls,Large plastic dog bowl green
B213-red,Plastic Bowls,Bowls,Large plastic dog bowl red
B213-yel,Plastic Bowls,Bowls,Large plastic dog bowl yellow
B220-blu,Plastic Bowls,Bowls,Medium plastic dog bowl blue
B220-grn,Plastic Bowls,Bowls,Medium plastic dog bowl green
B220-red,Plastic Bowls,Bowls,Medium plastic dog bowl red
B220-yel,Plastic Bowls,Bowls,Medium plastic dog bowl yellow
DC020,Pork Rolls,Treats and Munchies,Pork rolls 20pc
DC014,Porkhide Drumsticks,Treats and Munchies,"3"" porkhide drumsticks 45pc"
DC015,Porkhide Knotted Bones,Treats and Munchies,"4"" porkhide knot bone 25pc"
DC016,Porkhide Retrievers,Treats and Munchies,"8"" porkhide retrievers 10pc"
DC017,Porkhide Sausage Rolls,Treats and Munchies,Porkhide sausage rolls 85pc
RNDPLGE-xxx,Premium Baskets,Bedding,Premium basket large
RNDPMED-xxx,Premium Baskets,Bedding,Premium basket medium
RNDPSML-xxx,Premium Baskets,Bedding,Premium basket small
RNDPXLGE-xxx,Premium Baskets,Bedding,Premium basket extra large
DC002,Pressed Bones,Treats and Munchies,"4"" pressed bone 30pc"
DC003,Pressed Bones,Treats and Munchies,"6"" pressed bone 20pc"
DC006,Pressed Bones,Treats and Munchies,"12"" pressed bone 10pc"
LC661,Printed Webbed Lead,Leads & Collars,Printed webbed lead 120cm
LC970-yel,PVC Leads and Collars,Leads & Collars,PVC lead 120cm yellow
LC971-red,PVC Leads and Collars,Leads & Collars,PVC collar 20x45 red
LC972-yel,PVC Leads and Collars,Leads & Collars,PVC collar 20x65 yellow
LC973-yel,PVC Leads and Collars,Leads & Collars,PVC collar 20x35 yellow
DC001,Rawhide Twist Stick,Treats and Munchies,R/h twist stick 10mm jar 20pc
LC752-blk,S rfl adj cat collar,Leads & Collars,S rfl adj cat cat collar black
LC752-dkb,S rfl adj cat collar,Leads & Collars,S rfl adj cat cat collar dk bl
LC752-pur,S rfl adj cat collar,Leads & Collars,S rfl adj cat cat collar purpl
LC752-red,S rfl adj cat collar,Leads & Collars,S rfl adj cat cat collar red
LC502-blk,S rfl Collar,Leads & Collars,S rfl clr 10x20-30 black
LC502-dkb,S rfl Collar,Leads & Collars,S rfl clr 10x20-30 dark blue
LC502-pur,S rfl Collar,Leads & Collars,S rfl clr 10x20-30 purple
LC502-red,S rfl Collar,Leads & Collars,S rfl clr 10x20-30 red
LC504-blk,S rfl Collar,Leads & Collars,S rfl clr 20x25-45 black
LC504-dkb,S rfl Collar,Leads & Collars,S rfl clr 20x25-45 dark blue
LC504-pur,S rfl Collar,Leads & Collars,S rfl clr 20x25-45 purple
LC504-red,S rfl Collar,Leads & Collars,S rfl clr 20x25-45 red
LC508-blk,S rfl Collar,Leads & Collars,S rfl clr 25x50-70 black
LC508-dkb,S rfl Collar,Leads & Collars,S rfl clr 25x50-70 dark blue
LC508-pur,S rfl Collar,Leads & Collars,S rfl clr 25x50-70 purple
LC508-red,S rfl Collar,Leads & Collars,S rfl clr 25x50-70 red
LC510-blk,S rfl Lead,Leads & Collars,S rfl ld 10x120 black
LC510-dkb,S rfl Lead,Leads & Collars,S rfl ld 10x120 dark blue
LC510-pur,S rfl Lead,Leads & Collars,S rfl ld 10x120 purple
LC510-red,S rfl Lead,Leads & Collars,S rfl ld 10x120 red
LC512-blk,S rfl Lead,Leads & Collars,S rfl ld 20x120 black
LC512-dkb,S rfl Lead,Leads & Collars,S rfl ld 20x120 dark blue
LC512-pur,S rfl Lead,Leads & Collars,S rfl ld 20x120 purple
LC512-red,S rfl Lead,Leads & Collars,S rfl ld 20x120 red
LC514-blk,S rfl Lead,Leads & Collars,S rfl ld 25x120 black
LC514-dkb,S rfl Lead,Leads & Collars,S rfl ld 25x120 dark blue
LC514-pur,S rfl Lead,Leads & Collars,S rfl ld 25x120 purple
LC514-red,S rfl Lead,Leads & Collars,S rfl ld 25x120 red
DC018,Smoked Pigs Ears,Treats and Munchies,Smoked pigs ear 50pc
B241-blu,Spill Proof Bowls,Bowls,Spill proof water bowl blue
B241-gld,Spill Proof Bowls,Bowls,Spill proof water bowl gold
B241-grn,Spill Proof Bowls,Bowls,Spill proof water bowl green
B241-red,Spill Proof Bowls,Bowls,Spill proof water bowl red
RNDSGNT-xxx,Standard Baskets,Bedding,Standard basket giant
RNDSLGE-xxx,Standard Baskets,Bedding,Standard basket large
RNDSMED-xxx,Standard Baskets,Bedding,Standard basket medium
RNDSSML-xxx,Standard Baskets,Bedding,Standard basket small
RNDSXLG-xxx,Standard Baskets,Bedding,Standard basket xlarge
BELSLGE-xxx,Standard Bell Igloo,Bedding,Standard bell igloo large
B260,Staniless Steel Bowls,Bowls,S/S pet bowl embossed small
B261,Staniless Steel Bowls,Bowls,S/S pet bowl embossed medium
B262,Staniless Steel Bowls,Bowls,S/S pet bowl embossed large
LC754-blk,Suede Cat Collars,Leads & Collars,Suede cat collar black
LC754-blu,Suede Cat Collars,Leads & Collars,Suede cat collar blue
LC754-pur,Suede Cat Collars,Leads & Collars,Suede cat collar purple
LC754-red,Suede Cat Collars,Leads & Collars,Suede cat collar red
LC620-blk,Suede Puppy Collars,Leads & Collars,Suede puppy clr 10x30 black
LC620-blu,Suede Puppy Collars,Leads & Collars,Suede puppy clr 10x30 blue
LC620-pur,Suede Puppy Collars,Leads & Collars,Suede puppy clr 10x30 purple
LC620-red,Suede Puppy Collars,Leads & Collars,Suede puppy clr 10x30 red
LC624-blk,Suede Puppy Lead,Leads & Collars,Suede puppy ld 10x105cm black
LC624-blu,Suede Puppy Lead,Leads & Collars,Suede puppy ld 10x105cm blue
LC624-pur,Suede Puppy Lead,Leads & Collars,Suede puppy ld 10x105cm purple
LC624-red,Suede Puppy Lead,Leads & Collars,Suede puppy ld 10x105cm red
DBDLGE,Trampoline Bed,Bedding,Deluxe raised dog bed large
DBSLGE,Trampoline Bed,Bedding,Standard dog bed large
DBSSML,Trampoline Bed,Bedding,Standard dog bed small
DBDRSLGE,Trampoline Slings,Bedding,Deluxe dog bed sling large
DBDRSSML,Trampoline Slings,Bedding,Deluxe dog bed sling small
DBSRSJUM,Trampoline Slings,Bedding,Standard dog bed sling jumbo
DBSRSLGE,Trampoline Slings,Bedding,Standard dog bed sling large
DBSRSMED,Trampoline Slings,Bedding,Standard dog bed sling medium
DBSRSMIN,Trampoline Slings,Bedding,Standard dog bed sling mini
DBSRSSML,Trampoline Slings,Bedding,Standard dog bed sling small
GR62-blk,Untangling Dog Comb,Grooming Products,Dlxe untangling dog comb black
GR62-blu,Untangling Dog Comb,Grooming Products,Dlxe untangling dog comb blue
LC100-blk,Velvet Cat Collars,Leads & Collars,Velvet cat collar black
LC100-blu,Velvet Cat Collars,Leads & Collars,Velvet cat collar blue
LC100-red,Velvet Cat Collars,Leads & Collars,Velvet cat collar red
HP009,Walk Leash Bag,Leads & Collars,Dog walk leash bag
LC792-blk,Walking Harnesses,Leads & Collars,Small walking harness black
LC792-dkb,Walking Harnesses,Leads & Collars,Small walking harness dk blue
LC792-pur,Walking Harnesses,Leads & Collars,Small walking harness purple
LC792-red,Walking Harnesses,Leads & Collars,Small walking harness red
LC794-blk,Walking Harnesses,Leads & Collars,Medium walking harness black
LC794-dkb,Walking Harnesses,Leads & Collars,Medium walking harness dk blue
LC794-pur,Walking Harnesses,Leads & Collars,Medium walking harness purple
LC794-red,Walking Harnesses,Leads & Collars,Medium walking harness red
LC796-blk,Walking Harnesses,Leads & Collars,Large walking harness black
LC796-dkb,Walking Harnesses,Leads & Collars,Large walking harness dk blue
LC796-pur,Walking Harnesses,Leads & Collars,Large walking harness purple
LC796-red,Walking Harnesses,Leads & Collars,Large walking harness red
LC798-blk,Walking Harnesses,Leads & Collars,Xlarge walking harness black
LC798-dkb,Walking Harnesses,Leads & Collars,Xlarge walking harness dk blue
LC798-pur,Walking Harnesses,Leads & Collars,Xlarge walking harness purple
LC798-red,Walking Harnesses,Leads & Collars,Xlarge walking harness red
LC764-blk,WB adj cat collar,Leads & Collars,WB adj cat collar black
LC764-dkb,WB adj cat collar,Leads & Collars,WB adj cat collar dark blue
LC764-ltb,WB adj cat collar,Leads & Collars,WB adj cat collar light blue
LC764-pur,WB adj cat collar,Leads & Collars,WB adj cat collar purple
LC764-red,WB adj cat collar,Leads & Collars,WB adj cat collar red
LC630-blk,WB Adjustable Collar,Leads & Collars,WB col adj 20x25-45 black
LC630-dkb,WB Adjustable Collar,Leads & Collars,WB col adj 20x25-45 dark blue
LC630-ltb,WB Adjustable Collar,Leads & Collars,WB col adj 20x25-45 light blue
LC630-pur,WB Adjustable Collar,Leads & Collars,WB col adj 20x25-45 purple
LC630-red,WB Adjustable Collar,Leads & Collars,WB col adj 20x25-45 red
LC632-blk,WB Adjustable Collar,Leads & Collars,WB col adj 25x50-70 black
LC632-dkb,WB Adjustable Collar,Leads & Collars,WB col adj 25x50-70 dark blue
LC632-ltb,WB Adjustable Collar,Leads & Collars,WB col adj 25x50-70 light blue
LC632-pur,WB Adjustable Collar,Leads & Collars,WB col adj 25x50-70 purple
LC632-red,WB Adjustable Collar,Leads & Collars,WB col adj 25x50-70 red
LC634-blk,WB Adjustable Collar,Leads & Collars,WB col adj 10x20-30 black
LC634-dkb,WB Adjustable Collar,Leads & Collars,WB col adj 10x20-30 dark blue
LC634-ltb,WB Adjustable Collar,Leads & Collars,WB col adj 10x20-30 light blue
LC634-pur,WB Adjustable Collar,Leads & Collars,WB col adj 10x20-30 purple
LC634-red,WB Adjustable Collar,Leads & Collars,WB col adj 10x20-30 red
LC636-blk,WB Adjustable Collar,Leads & Collars,WB col adj 15x25-45 black
LC636-dkb,WB Adjustable Collar,Leads & Collars,WB col adj 15x25-45 dark blue
LC636-ltb,WB Adjustable Collar,Leads & Collars,WB col adj 15x25-45 light blue
LC636-pur,WB Adjustable Collar,Leads & Collars,WB col adj 15x25-45 purple
LC636-red,WB Adjustable Collar,Leads & Collars,WB col adj 15x25-45 red
LC690-blk,WB DBLER Leads,Leads & Collars,WB dbler lead 25x75 black
LC690-dkb,WB DBLER Leads,Leads & Collars,WB dbler lead 25x75 dark blue
LC690-ltb,WB DBLER Leads,Leads & Collars,WB dbler lead 25x75 light blue
LC690-pur,WB DBLER Leads,Leads & Collars,WB dbler lead 25x75 purple
LC690-red,WB DBLER Leads,Leads & Collars,WB dbler lead 25x75red
LC691-blk,WB DBLER Leads,Leads & Collars,WB dbler lead 15x75 black
LC691-dkb,WB DBLER Leads,Leads & Collars,WB dbler lead 15x75 dark blue
LC691-ltb,WB DBLER Leads,Leads & Collars,WB dbler lead 15x75 light blue
LC691-pur,WB DBLER Leads,Leads & Collars,WB dbler lead 15x75 purple
LC691-red,WB DBLER Leads,Leads & Collars,WB dbler lead 15x75 red
LC663-blk,WB Leads,Leads & Collars,WB lead 10x120 black
LC663-dkb,WB Leads,Leads & Collars,WB lead 10x120 dark blue
LC663-ltb,WB Leads,Leads & Collars,WB lead 10x120 light blue
LC663-pur,WB Leads,Leads & Collars,WB lead 10x120 purple
LC663-red,WB Leads,Leads & Collars,WB lead 10x120 red
LC664-blk,WB Leads,Leads & Collars,WB lead 10x180 black
LC664-dkb,WB Leads,Leads & Collars,WB lead 10x180 dark blue
LC664-ltb,WB Leads,Leads & Collars,WB lead 10x180 light blue
LC664-pur,WB Leads,Leads & Collars,WB lead 10x180 purple
LC664-red,WB Leads,Leads & Collars,WB lead 10x180 red
LC667-blk,WB Leads,Leads & Collars,WB lead 15x120 black
LC667-dkb,WB Leads,Leads & Collars,WB lead 15x120 dark blue
LC667-ltb,WB Leads,Leads & Collars,WB lead 15x120 light blue
LC667-pur,WB Leads,Leads & Collars,WB lead 15x120 purple
LC667-red,WB Leads,Leads & Collars,WB lead 15x120 red
LC668-blk,WB Leads,Leads & Collars,WB lead 15x180 black
LC668-dkb,WB Leads,Leads & Collars,WB lead 15x180 dark blue
LC668-ltb,WB Leads,Leads & Collars,WB lead 15x180 light blue
LC668-pur,WB Leads,Leads & Collars,WB lead 15x180 purple
LC668-red,WB Leads,Leads & Collars,WB lead 15x180 red
LC672-blk,WB Leads,Leads & Collars,WB lead 20x120 black
LC672-dkb,WB Leads,Leads & Collars,WB lead 20x120 dark blue
LC672-ltb,WB Leads,Leads & Collars,WB lead 20x120 light blue
LC672-pur,WB Leads,Leads & Collars,WB lead 20x120 purple
LC672-red,WB Leads,Leads & Collars,WB lead 20x120 red
LC674-blk,WB Leads,Leads & Collars,WB lead 25x45 black
LC674-dkb,WB Leads,Leads & Collars,WB lead 25x45 dark blue
LC674-ltb,WB Leads,Leads & Collars,WB lead 25x45 light blue
LC674-pur,WB Leads,Leads & Collars,WB lead 25x45 purple
LC674-red,WB Leads,Leads & Collars,WB lead 25x45 red
LC676-blk,WB Leads,Leads & Collars,WB lead 25x90 black
LC676-dkb,WB Leads,Leads & Collars,WB lead 25x90 dark blue
LC676-ltb,WB Leads,Leads & Collars,WB lead 25x90 light blue
LC676-pur,WB Leads,Leads & Collars,WB lead 25x90 purple
LC676-red,WB Leads,Leads & Collars,WB lead 25x90 red
LC677-blk,WB Leads,Leads & Collars,WB lead 25x120 black
LC677-dkb,WB Leads,Leads & Collars,WB lead 25x120 dark blue
LC677-ltb,WB Leads,Leads & Collars,WB lead 25x120 light blue
LC677-pur,WB Leads,Leads & Collars,WB lead 25x120 purple
LC677-red,WB Leads,Leads & Collars,WB lead 25x120 red
LC678-blk,WB Leads,Leads & Collars,WB lead 25x180 black
LC678-dkb,WB Leads,Leads & Collars,WB lead 25x180 dark blue
LC678-ltb,WB Leads,Leads & Collars,WB lead 25x180 light blue
LC678-pur,WB Leads,Leads & Collars,WB lead 25x180 purple
LC678-red,WB Leads,Leads & Collars,WB lead 25x180 red
LC762-blk,WB metal bkle cat collar,Leads & Collars,WB metal bkle cat collar black
LC762-dkb,WB metal bkle cat collar,Leads & Collars,WB metal bkle cat collar dk bl
LC762-ltb,WB metal bkle cat collar,Leads & Collars,WB metal bkle cat collar lt bl
LC762-pur,WB metal bkle cat collar,Leads & Collars,WB metal bkle cat collar purpl
LC762-red,WB metal bkle cat collar,Leads & Collars,WB metal bkle cat collar red
DC012,White Retriever Sticks,Treats and Munchies,"5"" white retriever stick 40pc"
DC013,White Retriever Sticks,Treats and Munchies,"10"" white retriever stick 20pc"
